id,submit,cpu,mem,duration,tag,preferred_site,resource_class,gpu_count
job-0000,2025-01-01T08:00:00Z,7,16,628,throughput,A,cpu,0
job-0001,2025-01-01T08:00:00Z,5,16,198,throughput,B,cpu,0
job-0002,2025-01-01T08:00:00Z,5,39,247,latency,C,memory,0
job-0003,2025-01-01T08:00:00Z,4,13,497,throughput,A,cpu,0
job-0004,2025-01-01T08:00:00Z,2,12,217,throughput,B,cpu,0
job-0005,2025-01-01T08:00:00Z,4,15,1283,throughput,C,cpu,0
job-0006,2025-01-01T08:00:00Z,4,15,740,throughput,A,cpu,0
job-0007,2025-01-01T08:00:00Z,14,55,155,carbon,B,gpu,1
job-0008,2025-01-01T08:00:00Z,5,48,2088,latency,C,memory,0
job-0009,2025-01-01T08:00:00Z,2,8,225,throughput,A,cpu,0
job-0010,2025-01-01T08:00:00Z,6,13,97,throughput,B,cpu,0
job-0011,2025-01-01T08:00:00Z,2,17,1375,throughput,C,cpu,0
job-0012,2025-01-01T08:00:00Z,14,51,756,carbon,A,gpu,1
job-0013,2025-01-01T08:00:00Z,4,16,332,throughput,B,cpu,0
job-0014,2025-01-01T08:00:00Z,7,14,143,throughput,C,cpu,0
job-0015,2025-01-01T08:00:00Z,7,16,321,throughput,A,cpu,0
job-0016,2025-01-01T08:00:00Z,19,61,7798,carbon,B,gpu,1
job-0017,2025-01-01T08:00:00Z,5,50,246,latency,C,memory,0
job-0018,2025-01-01T08:00:00Z,4,15,86,throughput,A,cpu,0
job-0019,2025-01-01T08:00:00Z,6,15,109,throughput,B,cpu,0
job-0020,2025-01-01T08:00:00Z,2,8,420,throughput,C,cpu,0
job-0021,2025-01-01T08:00:00Z,14,83,27,carbon,A,gpu,1
job-0022,2025-01-01T08:00:00Z,3,11,363,throughput,B,cpu,0
job-0023,2025-01-01T08:00:00Z,3,27,269,latency,C,memory,0
job-0024,2025-01-01T08:00:00Z,4,14,1508,throughput,A,cpu,0
job-0025,2025-01-01T08:00:00Z,13,74,320,carbon,B,gpu,1
job-0026,2025-01-01T08:00:00Z,3,10,361,throughput,C,cpu,0
job-0027,2025-01-01T08:00:00Z,3,14,1118,throughput,A,cpu,0
job-0028,2025-01-01T08:00:00Z,5,63,555,latency,B,memory,0
job-0029,2025-01-01T08:00:00Z,14,85,692,carbon,C,gpu,1
job-0030,2025-01-01T08:00:00Z,12,75,2570,carbon,A,gpu,1
job-0031,2025-01-01T08:00:00Z,4,29,611,latency,B,memory,0
job-0032,2025-01-01T08:00:00Z,3,8,368,throughput,C,cpu,0
job-0033,2025-01-01T08:00:00Z,5,9,80,throughput,A,cpu,0
job-0034,2025-01-01T08:00:00Z,5,13,261,throughput,B,cpu,0
job-0035,2025-01-01T08:00:00Z,5,32,339,latency,C,memory,0
job-0036,2025-01-01T08:00:00Z,3,50,3284,latency,A,memory,0
job-0037,2025-01-01T08:00:00Z,17,81,719,carbon,B,gpu,1
job-0038,2025-01-01T08:00:00Z,6,12,1176,throughput,C,cpu,0
job-0039,2025-01-01T08:00:00Z,5,9,1333,throughput,A,cpu,0
job-0040,2025-01-01T08:00:00Z,4,18,248,throughput,B,cpu,0
job-0041,2025-01-01T08:00:00Z,17,88,470,carbon,C,gpu,1
job-0042,2025-01-01T08:00:00Z,5,41,735,latency,A,memory,0
job-0043,2025-01-01T08:00:00Z,4,19,1500,throughput,B,cpu,0
job-0044,2025-01-01T08:00:00Z,6,14,728,throughput,C,cpu,0
job-0045,2025-01-01T08:00:00Z,6,17,1353,throughput,A,cpu,0
job-0046,2025-01-01T08:00:00Z,2,14,728,throughput,B,cpu,0
job-0047,2025-01-01T08:00:00Z,5,11,1283,throughput,C,cpu,0
job-0048,2025-01-01T08:00:00Z,3,10,277,throughput,A,cpu,0
job-0049,2025-01-01T08:00:00Z,8,93,448,carbon,B,gpu,1
job-0050,2025-01-01T08:00:00Z,4,14,274,throughput,C,cpu,0
job-0051,2025-01-01T08:00:00Z,7,13,95,throughput,A,cpu,0
job-0052,2025-01-01T08:00:00Z,8,49,199,carbon,B,gpu,1
job-0053,2025-01-01T08:00:00Z,2,17,256,throughput,C,cpu,0
job-0054,2025-01-01T08:00:00Z,5,8,1055,throughput,A,cpu,0
job-0055,2025-01-01T08:00:00Z,6,8,1416,throughput,B,cpu,0
job-0056,2025-01-01T08:00:00Z,7,9,4082,throughput,C,cpu,0
job-0057,2025-01-01T08:00:00Z,4,9,1278,throughput,A,cpu,0
job-0058,2025-01-01T08:00:00Z,7,12,681,throughput,B,cpu,0
job-0059,2025-01-01T08:00:00Z,3,18,277,throughput,C,cpu,0
job-0060,2025-01-01T08:00:00Z,3,38,5223,latency,A,memory,0
job-0061,2025-01-01T08:00:00Z,6,8,595,throughput,B,cpu,0
job-0062,2025-01-01T08:00:00Z,3,12,919,throughput,C,cpu,0
job-0063,2025-01-01T08:00:00Z,3,14,335,throughput,A,cpu,0
job-0064,2025-01-01T08:00:28Z,5,62,156,latency,B,memory,0
job-0065,2025-01-01T08:00:28Z,16,52,690,carbon,C,gpu,1
job-0066,2025-01-01T08:00:28Z,13,91,2417,carbon,A,gpu,1
job-0067,2025-01-01T08:00:28Z,5,19,619,throughput,B,cpu,0
job-0068,2025-01-01T08:00:28Z,4,19,3169,throughput,C,cpu,0
job-0069,2025-01-01T08:00:28Z,2,38,573,latency,A,memory,0
job-0070,2025-01-01T08:00:28Z,3,9,4495,throughput,B,cpu,0
job-0071,2025-01-01T08:00:28Z,2,12,798,throughput,C,cpu,0
job-0072,2025-01-01T08:00:28Z,7,18,77,throughput,A,cpu,0
job-0073,2025-01-01T08:00:28Z,7,13,166,throughput,B,cpu,0
job-0074,2025-01-01T08:00:28Z,5,16,1099,throughput,C,cpu,0
job-0075,2025-01-01T08:00:28Z,2,18,1621,throughput,A,cpu,0
job-0076,2025-01-01T08:00:28Z,3,40,219,latency,B,memory,0
job-0077,2025-01-01T08:00:28Z,5,60,246,latency,C,memory,0
job-0078,2025-01-01T08:00:28Z,5,16,328,throughput,A,cpu,0
job-0079,2025-01-01T08:00:28Z,4,18,2493,throughput,B,cpu,0
job-0080,2025-01-01T08:00:28Z,3,56,1210,latency,C,memory,0
job-0081,2025-01-01T08:00:28Z,6,8,3624,throughput,A,cpu,0
job-0082,2025-01-01T08:00:28Z,6,12,512,throughput,B,cpu,0
job-0083,2025-01-01T08:00:28Z,4,18,112,throughput,C,cpu,0
job-0084,2025-01-01T08:00:28Z,9,55,380,carbon,A,gpu,1
job-0085,2025-01-01T08:00:28Z,2,15,214,throughput,B,cpu,0
job-0086,2025-01-01T08:00:28Z,2,33,245,latency,C,memory,0
job-0087,2025-01-01T08:00:28Z,2,13,377,throughput,A,cpu,0
job-0088,2025-01-01T08:00:28Z,5,9,837,throughput,B,cpu,0
job-0089,2025-01-01T08:00:28Z,2,37,116,latency,C,memory,0
job-0090,2025-01-01T08:00:28Z,7,11,268,throughput,A,cpu,0
job-0091,2025-01-01T08:00:28Z,6,16,630,throughput,B,cpu,0
job-0092,2025-01-01T08:00:28Z,6,19,1805,throughput,C,cpu,0
job-0093,2025-01-01T08:00:28Z,5,63,2071,latency,A,memory,0
job-0094,2025-01-01T08:00:28Z,7,8,18,throughput,B,cpu,0
job-0095,2025-01-01T08:00:28Z,4,43,175,latency,C,memory,0
job-0096,2025-01-01T08:00:28Z,7,13,242,throughput,A,cpu,0
job-0097,2025-01-01T08:00:28Z,4,43,826,latency,B,memory,0
job-0098,2025-01-01T08:00:28Z,2,8,404,throughput,C,cpu,0
job-0099,2025-01-01T08:00:28Z,5,8,3793,throughput,A,cpu,0
job-0100,2025-01-01T08:00:28Z,16,65,723,carbon,B,gpu,1
job-0101,2025-01-01T08:00:28Z,2,9,190,throughput,C,cpu,0
job-0102,2025-01-01T08:00:28Z,4,16,1211,throughput,A,cpu,0
job-0103,2025-01-01T08:00:28Z,3,57,363,latency,B,memory,0
job-0104,2025-01-01T08:00:28Z,2,18,924,throughput,C,cpu,0
job-0105,2025-01-01T08:00:28Z,5,50,473,latency,A,memory,0
job-0106,2025-01-01T08:00:28Z,9,72,3203,carbon,B,gpu,1
job-0107,2025-01-01T08:00:28Z,19,72,845,carbon,C,gpu,1
job-0108,2025-01-01T08:00:28Z,14,95,82,carbon,A,gpu,1
job-0109,2025-01-01T08:00:28Z,5,14,190,throughput,B,cpu,0
job-0110,2025-01-01T08:00:28Z,12,63,159,carbon,C,gpu,1
job-0111,2025-01-01T08:00:28Z,4,29,1551,latency,A,memory,0
job-0112,2025-01-01T08:00:28Z,7,16,392,throughput,B,cpu,0
job-0113,2025-01-01T08:00:28Z,2,12,509,throughput,C,cpu,0
job-0114,2025-01-01T08:00:28Z,6,14,188,throughput,A,cpu,0
job-0115,2025-01-01T08:00:28Z,7,13,311,throughput,B,cpu,0
job-0116,2025-01-01T08:00:28Z,9,65,318,carbon,C,gpu,1
job-0117,2025-01-01T08:00:28Z,7,12,667,throughput,A,cpu,0
job-0118,2025-01-01T08:00:28Z,3,60,110,latency,B,memory,0
job-0119,2025-01-01T08:00:28Z,6,15,107,throughput,C,cpu,0
job-0120,2025-01-01T08:00:28Z,4,52,2071,latency,A,memory,0
job-0121,2025-01-01T08:00:28Z,3,11,5173,throughput,B,cpu,0
job-0122,2025-01-01T08:00:28Z,16,64,443,carbon,C,gpu,1
job-0123,2025-01-01T08:00:28Z,5,49,58,latency,A,memory,0
job-0124,2025-01-01T08:00:28Z,3,40,921,latency,B,memory,0
job-0125,2025-01-01T08:00:28Z,5,9,2196,throughput,C,cpu,0
job-0126,2025-01-01T08:00:28Z,7,9,577,throughput,A,cpu,0
job-0127,2025-01-01T08:00:28Z,3,12,3986,throughput,B,cpu,0
job-0128,2025-01-01T08:01:53Z,3,19,444,throughput,C,cpu,0
job-0129,2025-01-01T08:01:53Z,5,14,958,throughput,A,cpu,0
job-0130,2025-01-01T08:01:53Z,7,15,110,throughput,B,cpu,0
job-0131,2025-01-01T08:01:53Z,4,44,902,latency,C,memory,0
job-0132,2025-01-01T08:01:53Z,6,8,1426,throughput,A,cpu,0
job-0133,2025-01-01T08:01:53Z,4,54,310,latency,B,memory,0
job-0134,2025-01-01T08:01:53Z,7,8,237,throughput,C,cpu,0
job-0135,2025-01-01T08:01:53Z,5,29,200,latency,A,memory,0
job-0136,2025-01-01T08:01:53Z,4,19,409,throughput,B,cpu,0
job-0137,2025-01-01T08:01:53Z,3,12,1525,throughput,C,cpu,0
job-0138,2025-01-01T08:01:53Z,3,17,311,throughput,A,cpu,0
job-0139,2025-01-01T08:01:53Z,5,18,1044,throughput,B,cpu,0
job-0140,2025-01-01T08:01:53Z,3,27,310,latency,C,memory,0
job-0141,2025-01-01T08:01:53Z,5,27,3187,latency,A,memory,0
job-0142,2025-01-01T08:01:53Z,2,48,292,latency,B,memory,0
job-0143,2025-01-01T08:01:53Z,11,48,2707,carbon,C,gpu,1
job-0144,2025-01-01T08:01:53Z,3,18,167,throughput,A,cpu,0
job-0145,2025-01-01T08:01:53Z,5,15,948,throughput,B,cpu,0
job-0146,2025-01-01T08:01:53Z,16,86,614,carbon,C,gpu,1
job-0147,2025-01-01T08:01:53Z,3,29,341,latency,A,memory,0
job-0148,2025-01-01T08:01:53Z,4,11,1678,throughput,B,cpu,0
job-0149,2025-01-01T08:01:53Z,6,14,792,throughput,C,cpu,0
job-0150,2025-01-01T08:01:53Z,2,17,756,throughput,A,cpu,0
job-0151,2025-01-01T08:01:53Z,14,75,245,carbon,B,gpu,1
job-0152,2025-01-01T08:01:53Z,3,26,743,latency,C,memory,0
job-0153,2025-01-01T08:01:53Z,11,49,4625,carbon,A,gpu,1
job-0154,2025-01-01T08:01:53Z,5,55,466,latency,B,memory,0
job-0155,2025-01-01T08:01:53Z,5,26,1521,latency,C,memory,0
job-0156,2025-01-01T08:01:53Z,4,42,1305,latency,A,memory,0
job-0157,2025-01-01T08:01:53Z,4,8,513,throughput,B,cpu,0
job-0158,2025-01-01T08:01:53Z,17,66,151,carbon,C,gpu,1
job-0159,2025-01-01T08:01:53Z,7,15,232,throughput,A,cpu,0
job-0160,2025-01-01T08:01:53Z,4,32,3869,latency,B,memory,0
job-0161,2025-01-01T08:01:53Z,4,16,43,throughput,C,cpu,0
job-0162,2025-01-01T08:01:53Z,3,15,430,throughput,A,cpu,0
job-0163,2025-01-01T08:01:53Z,5,31,144,latency,B,memory,0
job-0164,2025-01-01T08:01:53Z,3,16,756,throughput,C,cpu,0
job-0165,2025-01-01T08:01:53Z,5,14,169,throughput,A,cpu,0
job-0166,2025-01-01T08:01:53Z,3,15,849,throughput,B,cpu,0
job-0167,2025-01-01T08:01:53Z,2,18,349,throughput,C,cpu,0
job-0168,2025-01-01T08:01:53Z,7,12,1586,throughput,A,cpu,0
job-0169,2025-01-01T08:01:53Z,2,39,128,latency,B,memory,0
job-0170,2025-01-01T08:01:53Z,2,12,653,throughput,C,cpu,0
job-0171,2025-01-01T08:01:53Z,6,10,371,throughput,A,cpu,0
job-0172,2025-01-01T08:01:53Z,3,13,144,throughput,B,cpu,0
job-0173,2025-01-01T08:01:53Z,7,13,893,throughput,C,cpu,0
job-0174,2025-01-01T08:01:53Z,4,31,232,latency,A,memory,0
job-0175,2025-01-01T08:01:53Z,3,35,1466,latency,B,memory,0
job-0176,2025-01-01T08:01:53Z,2,32,549,latency,C,memory,0
job-0177,2025-01-01T08:01:53Z,2,17,593,throughput,A,cpu,0
job-0178,2025-01-01T08:01:53Z,15,82,986,carbon,B,gpu,1
job-0179,2025-01-01T08:01:53Z,5,11,70,throughput,C,cpu,0
job-0180,2025-01-01T08:01:53Z,5,18,210,throughput,A,cpu,0
job-0181,2025-01-01T08:01:53Z,2,46,109,latency,B,memory,0
job-0182,2025-01-01T08:01:53Z,5,11,259,throughput,C,cpu,0
job-0183,2025-01-01T08:01:53Z,4,9,882,throughput,A,cpu,0
job-0184,2025-01-01T08:01:53Z,6,11,1147,throughput,B,cpu,0
job-0185,2025-01-01T08:01:53Z,4,30,409,latency,C,memory,0
job-0186,2025-01-01T08:01:53Z,6,18,369,throughput,A,cpu,0
job-0187,2025-01-01T08:01:53Z,19,81,88,carbon,B,gpu,1
job-0188,2025-01-01T08:01:53Z,5,12,14576,throughput,C,cpu,0
job-0189,2025-01-01T08:01:53Z,4,18,81,throughput,A,cpu,0
job-0190,2025-01-01T08:01:53Z,7,18,457,throughput,B,cpu,0
job-0191,2025-01-01T08:01:53Z,5,36,238,latency,C,memory,0
job-0192,2025-01-01T08:03:07Z,3,34,51,latency,A,memory,0
job-0193,2025-01-01T08:03:07Z,4,17,1196,throughput,B,cpu,0
job-0194,2025-01-01T08:03:07Z,4,16,934,throughput,C,cpu,0
job-0195,2025-01-01T08:03:07Z,3,13,58,throughput,A,cpu,0
job-0196,2025-01-01T08:03:07Z,12,84,244,carbon,B,gpu,1
job-0197,2025-01-01T08:03:07Z,2,14,3702,throughput,C,cpu,0
job-0198,2025-01-01T08:03:07Z,8,81,652,carbon,A,gpu,1
job-0199,2025-01-01T08:03:07Z,4,57,6319,latency,B,memory,0
job-0200,2025-01-01T08:03:07Z,16,93,220,carbon,C,gpu,1
job-0201,2025-01-01T08:03:07Z,17,72,540,carbon,A,gpu,1
job-0202,2025-01-01T08:03:07Z,5,51,4806,latency,B,memory,0
job-0203,2025-01-01T08:03:07Z,7,14,70,throughput,C,cpu,0
job-0204,2025-01-01T08:03:07Z,5,15,295,throughput,A,cpu,0
job-0205,2025-01-01T08:03:07Z,2,8,1197,throughput,B,cpu,0
job-0206,2025-01-01T08:03:07Z,3,8,1978,throughput,C,cpu,0
job-0207,2025-01-01T08:03:07Z,6,19,48,throughput,A,cpu,0
job-0208,2025-01-01T08:03:07Z,7,9,1072,throughput,B,cpu,0
job-0209,2025-01-01T08:03:07Z,4,61,1205,latency,C,memory,0
job-0210,2025-01-01T08:03:07Z,3,53,6601,latency,A,memory,0
job-0211,2025-01-01T08:03:07Z,4,16,368,throughput,B,cpu,0
job-0212,2025-01-01T08:03:07Z,3,15,3252,throughput,C,cpu,0
job-0213,2025-01-01T08:03:07Z,13,80,4899,carbon,A,gpu,1
job-0214,2025-01-01T08:03:07Z,2,15,103,throughput,B,cpu,0
job-0215,2025-01-01T08:03:07Z,6,8,847,throughput,C,cpu,0
job-0216,2025-01-01T08:03:07Z,7,9,549,throughput,A,cpu,0
job-0217,2025-01-01T08:03:07Z,3,11,138,throughput,B,cpu,0
job-0218,2025-01-01T08:03:07Z,5,14,4851,throughput,C,cpu,0
job-0219,2025-01-01T08:03:07Z,4,12,283,throughput,A,cpu,0
job-0220,2025-01-01T08:03:07Z,16,94,67,carbon,B,gpu,1
job-0221,2025-01-01T08:03:07Z,4,26,340,latency,C,memory,0
job-0222,2025-01-01T08:03:07Z,3,15,1163,throughput,A,cpu,0
job-0223,2025-01-01T08:03:07Z,4,9,378,throughput,B,cpu,0
job-0224,2025-01-01T08:03:07Z,13,88,743,carbon,C,gpu,1
job-0225,2025-01-01T08:03:07Z,7,9,1102,throughput,A,cpu,0
job-0226,2025-01-01T08:03:07Z,5,8,1340,throughput,B,cpu,0
job-0227,2025-01-01T08:03:07Z,18,57,779,carbon,C,gpu,1
job-0228,2025-01-01T08:03:07Z,6,12,255,throughput,A,cpu,0
job-0229,2025-01-01T08:03:07Z,6,12,1264,throughput,B,cpu,0
job-0230,2025-01-01T08:03:07Z,3,57,324,latency,C,memory,0
job-0231,2025-01-01T08:03:07Z,2,16,1675,throughput,A,cpu,0
job-0232,2025-01-01T08:03:07Z,5,9,783,throughput,B,cpu,0
job-0233,2025-01-01T08:03:07Z,3,9,849,throughput,C,cpu,0
job-0234,2025-01-01T08:03:07Z,5,11,462,throughput,A,cpu,0
job-0235,2025-01-01T08:03:07Z,2,45,2316,latency,B,memory,0
job-0236,2025-01-01T08:03:07Z,4,62,995,latency,C,memory,0
job-0237,2025-01-01T08:03:07Z,8,52,2163,carbon,A,gpu,1
job-0238,2025-01-01T08:03:07Z,10,88,2524,carbon,B,gpu,1
job-0239,2025-01-01T08:03:07Z,14,89,238,carbon,C,gpu,1
job-0240,2025-01-01T08:03:07Z,6,14,457,throughput,A,cpu,0
job-0241,2025-01-01T08:03:07Z,5,19,29,throughput,B,cpu,0
job-0242,2025-01-01T08:03:07Z,3,17,592,throughput,C,cpu,0
job-0243,2025-01-01T08:03:07Z,2,34,141,latency,A,memory,0
job-0244,2025-01-01T08:03:07Z,6,17,291,throughput,B,cpu,0
job-0245,2025-01-01T08:03:07Z,12,75,951,carbon,C,gpu,1
job-0246,2025-01-01T08:03:07Z,7,10,456,throughput,A,cpu,0
job-0247,2025-01-01T08:03:07Z,7,10,561,throughput,B,cpu,0
job-0248,2025-01-01T08:03:07Z,5,14,1301,throughput,C,cpu,0
job-0249,2025-01-01T08:03:07Z,2,18,77,throughput,A,cpu,0
job-0250,2025-01-01T08:03:07Z,3,16,846,throughput,B,cpu,0
job-0251,2025-01-01T08:03:07Z,2,19,367,throughput,C,cpu,0
job-0252,2025-01-01T08:03:07Z,3,61,5273,latency,A,memory,0
job-0253,2025-01-01T08:03:07Z,5,10,1482,throughput,B,cpu,0
job-0254,2025-01-01T08:03:07Z,6,9,250,throughput,C,cpu,0
job-0255,2025-01-01T08:03:07Z,3,34,1050,latency,A,memory,0
job-0256,2025-01-01T08:05:09Z,5,48,1623,latency,B,memory,0
job-0257,2025-01-01T08:05:09Z,2,14,124,throughput,C,cpu,0
job-0258,2025-01-01T08:05:09Z,2,12,303,throughput,A,cpu,0
job-0259,2025-01-01T08:05:09Z,4,48,204,latency,B,memory,0
job-0260,2025-01-01T08:05:09Z,5,43,255,latency,C,memory,0
job-0261,2025-01-01T08:05:09Z,3,49,2211,latency,A,memory,0
job-0262,2025-01-01T08:05:09Z,14,66,176,carbon,B,gpu,1
job-0263,2025-01-01T08:05:09Z,5,19,927,throughput,C,cpu,0
job-0264,2025-01-01T08:05:09Z,10,89,947,carbon,A,gpu,1
job-0265,2025-01-01T08:05:09Z,2,12,719,throughput,B,cpu,0
job-0266,2025-01-01T08:05:09Z,7,13,95,throughput,C,cpu,0
job-0267,2025-01-01T08:05:09Z,13,51,1589,carbon,A,gpu,1
job-0268,2025-01-01T08:05:09Z,2,16,1762,throughput,B,cpu,0
job-0269,2025-01-01T08:05:09Z,5,8,519,throughput,C,cpu,0
job-0270,2025-01-01T08:05:09Z,3,30,229,latency,A,memory,0
job-0271,2025-01-01T08:05:09Z,2,38,1589,latency,B,memory,0
job-0272,2025-01-01T08:05:09Z,8,82,1210,carbon,C,gpu,1
job-0273,2025-01-01T08:05:09Z,7,11,230,throughput,A,cpu,0
job-0274,2025-01-01T08:05:09Z,19,53,2148,carbon,B,gpu,1
job-0275,2025-01-01T08:05:09Z,2,17,546,throughput,C,cpu,0
job-0276,2025-01-01T08:05:09Z,7,19,257,throughput,A,cpu,0
job-0277,2025-01-01T08:05:09Z,3,10,558,throughput,B,cpu,0
job-0278,2025-01-01T08:05:09Z,7,10,41,throughput,C,cpu,0
job-0279,2025-01-01T08:05:09Z,12,56,1167,carbon,A,gpu,1
job-0280,2025-01-01T08:05:09Z,4,29,272,latency,B,memory,0
job-0281,2025-01-01T08:05:09Z,3,10,2715,throughput,C,cpu,0
job-0282,2025-01-01T08:05:09Z,7,13,517,throughput,A,cpu,0
job-0283,2025-01-01T08:05:09Z,3,19,710,throughput,B,cpu,0
job-0284,2025-01-01T08:05:09Z,2,18,1302,throughput,C,cpu,0
job-0285,2025-01-01T08:05:09Z,6,14,4271,throughput,A,cpu,0
job-0286,2025-01-01T08:05:09Z,3,16,252,throughput,B,cpu,0
job-0287,2025-01-01T08:05:09Z,14,77,640,carbon,C,gpu,1
job-0288,2025-01-01T08:05:09Z,2,35,366,latency,A,memory,0
job-0289,2025-01-01T08:05:09Z,14,77,7027,carbon,B,gpu,1
job-0290,2025-01-01T08:05:09Z,4,19,429,throughput,C,cpu,0
job-0291,2025-01-01T08:05:09Z,6,8,1631,throughput,A,cpu,0
job-0292,2025-01-01T08:05:09Z,2,16,1390,throughput,B,cpu,0
job-0293,2025-01-01T08:05:09Z,2,16,227,throughput,C,cpu,0
job-0294,2025-01-01T08:05:09Z,7,14,981,throughput,A,cpu,0
job-0295,2025-01-01T08:05:09Z,2,18,20,throughput,B,cpu,0
job-0296,2025-01-01T08:05:09Z,5,49,347,latency,C,memory,0
job-0297,2025-01-01T08:05:09Z,4,10,808,throughput,A,cpu,0
job-0298,2025-01-01T08:05:09Z,10,82,744,carbon,B,gpu,1
job-0299,2025-01-01T08:05:09Z,4,50,889,latency,C,memory,0
job-0300,2025-01-01T08:05:09Z,6,8,237,throughput,A,cpu,0
job-0301,2025-01-01T08:05:09Z,2,9,289,throughput,B,cpu,0
job-0302,2025-01-01T08:05:09Z,4,10,711,throughput,C,cpu,0
job-0303,2025-01-01T08:05:09Z,6,12,577,throughput,A,cpu,0
job-0304,2025-01-01T08:05:09Z,5,39,1799,latency,B,memory,0
job-0305,2025-01-01T08:05:09Z,5,18,2651,throughput,C,cpu,0
job-0306,2025-01-01T08:05:09Z,4,25,614,latency,A,memory,0
job-0307,2025-01-01T08:05:09Z,3,19,640,throughput,B,cpu,0
job-0308,2025-01-01T08:05:09Z,7,19,75,throughput,C,cpu,0
job-0309,2025-01-01T08:05:09Z,2,60,292,latency,A,memory,0
job-0310,2025-01-01T08:05:09Z,7,18,264,throughput,B,cpu,0
job-0311,2025-01-01T08:05:09Z,4,13,532,throughput,C,cpu,0
job-0312,2025-01-01T08:05:09Z,5,30,94,latency,A,memory,0
job-0313,2025-01-01T08:05:09Z,2,8,1239,throughput,B,cpu,0
job-0314,2025-01-01T08:05:09Z,5,19,162,throughput,C,cpu,0
job-0315,2025-01-01T08:05:09Z,2,16,330,throughput,A,cpu,0
job-0316,2025-01-01T08:05:09Z,2,41,4908,latency,B,memory,0
job-0317,2025-01-01T08:05:09Z,4,10,241,throughput,C,cpu,0
job-0318,2025-01-01T08:05:09Z,2,53,986,latency,A,memory,0
job-0319,2025-01-01T08:05:09Z,14,55,1332,carbon,B,gpu,1
job-0320,2025-01-01T08:05:15Z,6,16,455,throughput,C,cpu,0
job-0321,2025-01-01T08:05:15Z,5,14,2531,throughput,A,cpu,0
job-0322,2025-01-01T08:05:15Z,3,36,371,latency,B,memory,0
job-0323,2025-01-01T08:05:15Z,4,19,134,throughput,C,cpu,0
job-0324,2025-01-01T08:05:15Z,2,40,559,latency,A,memory,0
job-0325,2025-01-01T08:05:15Z,5,12,198,throughput,B,cpu,0
job-0326,2025-01-01T08:05:15Z,7,14,197,throughput,C,cpu,0
job-0327,2025-01-01T08:05:15Z,3,52,6311,latency,A,memory,0
job-0328,2025-01-01T08:05:15Z,5,16,304,throughput,B,cpu,0
job-0329,2025-01-01T08:05:15Z,7,11,10041,throughput,C,cpu,0
job-0330,2025-01-01T08:05:15Z,2,58,1661,latency,A,memory,0
job-0331,2025-01-01T08:05:15Z,5,47,619,latency,B,memory,0
job-0332,2025-01-01T08:05:15Z,3,9,320,throughput,C,cpu,0
job-0333,2025-01-01T08:05:15Z,2,9,666,throughput,A,cpu,0
job-0334,2025-01-01T08:05:15Z,6,9,1362,throughput,B,cpu,0
job-0335,2025-01-01T08:05:15Z,18,94,166,carbon,C,gpu,1
job-0336,2025-01-01T08:05:15Z,15,89,2163,carbon,A,gpu,1
job-0337,2025-01-01T08:05:15Z,4,33,85,latency,B,memory,0
job-0338,2025-01-01T08:05:15Z,19,56,207,carbon,C,gpu,1
job-0339,2025-01-01T08:05:15Z,8,88,1785,carbon,A,gpu,1
job-0340,2025-01-01T08:05:15Z,6,18,89,throughput,B,cpu,0
job-0341,2025-01-01T08:05:15Z,5,38,2068,latency,C,memory,0
job-0342,2025-01-01T08:05:15Z,5,19,367,throughput,A,cpu,0
job-0343,2025-01-01T08:05:15Z,9,62,156,carbon,B,gpu,1
job-0344,2025-01-01T08:05:15Z,4,19,3054,throughput,C,cpu,0
job-0345,2025-01-01T08:05:15Z,10,85,1821,carbon,A,gpu,1
job-0346,2025-01-01T08:05:15Z,2,8,194,throughput,B,cpu,0
job-0347,2025-01-01T08:05:15Z,4,12,477,throughput,C,cpu,0
job-0348,2025-01-01T08:05:15Z,5,9,760,throughput,A,cpu,0
job-0349,2025-01-01T08:05:15Z,3,11,1230,throughput,B,cpu,0
job-0350,2025-01-01T08:05:15Z,4,15,252,throughput,C,cpu,0
job-0351,2025-01-01T08:05:15Z,5,14,1483,throughput,A,cpu,0
job-0352,2025-01-01T08:05:15Z,6,17,868,throughput,B,cpu,0
job-0353,2025-01-01T08:05:15Z,9,49,178,carbon,C,gpu,1
job-0354,2025-01-01T08:05:15Z,5,8,1357,throughput,A,cpu,0
job-0355,2025-01-01T08:05:15Z,5,9,5145,throughput,B,cpu,0
job-0356,2025-01-01T08:05:15Z,3,57,276,latency,C,memory,0
job-0357,2025-01-01T08:05:15Z,2,11,306,throughput,A,cpu,0
job-0358,2025-01-01T08:05:15Z,4,11,8559,throughput,B,cpu,0
job-0359,2025-01-01T08:05:15Z,3,18,180,throughput,C,cpu,0
job-0360,2025-01-01T08:05:15Z,3,12,142,throughput,A,cpu,0
job-0361,2025-01-01T08:05:15Z,4,59,975,latency,B,memory,0
job-0362,2025-01-01T08:05:15Z,7,10,1921,throughput,C,cpu,0
job-0363,2025-01-01T08:05:15Z,3,17,429,throughput,A,cpu,0
job-0364,2025-01-01T08:05:15Z,5,14,1268,throughput,B,cpu,0
job-0365,2025-01-01T08:05:15Z,7,15,288,throughput,C,cpu,0
job-0366,2025-01-01T08:05:15Z,3,13,1349,throughput,A,cpu,0
job-0367,2025-01-01T08:05:15Z,4,15,1278,throughput,B,cpu,0
job-0368,2025-01-01T08:05:15Z,7,12,388,throughput,C,cpu,0
job-0369,2025-01-01T08:05:15Z,4,17,4530,throughput,A,cpu,0
job-0370,2025-01-01T08:05:15Z,5,12,629,throughput,B,cpu,0
job-0371,2025-01-01T08:05:15Z,3,13,301,throughput,C,cpu,0
job-0372,2025-01-01T08:05:15Z,3,40,809,latency,A,memory,0
job-0373,2025-01-01T08:05:15Z,5,27,454,latency,B,memory,0
job-0374,2025-01-01T08:05:15Z,3,10,1298,throughput,C,cpu,0
job-0375,2025-01-01T08:05:15Z,6,18,1143,throughput,A,cpu,0
job-0376,2025-01-01T08:05:15Z,3,16,1283,throughput,B,cpu,0
job-0377,2025-01-01T08:05:15Z,2,45,3193,latency,C,memory,0
job-0378,2025-01-01T08:05:15Z,12,93,547,carbon,A,gpu,1
job-0379,2025-01-01T08:05:15Z,3,62,111,latency,B,memory,0
job-0380,2025-01-01T08:05:15Z,4,19,785,throughput,C,cpu,0
job-0381,2025-01-01T08:05:15Z,5,56,1883,latency,A,memory,0
job-0382,2025-01-01T08:05:15Z,3,16,1890,throughput,B,cpu,0
job-0383,2025-01-01T08:05:15Z,2,18,1961,throughput,C,cpu,0
job-0384,2025-01-01T08:06:24Z,14,79,3755,carbon,A,gpu,1
job-0385,2025-01-01T08:06:24Z,6,13,345,throughput,B,cpu,0
job-0386,2025-01-01T08:06:24Z,3,12,41,throughput,C,cpu,0
job-0387,2025-01-01T08:06:24Z,2,15,2222,throughput,A,cpu,0
job-0388,2025-01-01T08:06:24Z,5,8,97,throughput,B,cpu,0
job-0389,2025-01-01T08:06:24Z,4,61,715,latency,C,memory,0
job-0390,2025-01-01T08:06:24Z,4,54,393,latency,A,memory,0
job-0391,2025-01-01T08:06:24Z,4,19,2905,throughput,B,cpu,0
job-0392,2025-01-01T08:06:24Z,5,29,1395,latency,C,memory,0
job-0393,2025-01-01T08:06:24Z,16,84,5389,carbon,A,gpu,1
job-0394,2025-01-01T08:06:24Z,8,80,547,carbon,B,gpu,1
job-0395,2025-01-01T08:06:24Z,5,63,1087,latency,C,memory,0
job-0396,2025-01-01T08:06:24Z,2,16,834,throughput,A,cpu,0
job-0397,2025-01-01T08:06:24Z,4,46,1298,latency,B,memory,0
job-0398,2025-01-01T08:06:24Z,3,10,1538,throughput,C,cpu,0
job-0399,2025-01-01T08:06:24Z,2,18,1598,throughput,A,cpu,0
job-0400,2025-01-01T08:06:24Z,6,14,2742,throughput,B,cpu,0
job-0401,2025-01-01T08:06:24Z,3,62,322,latency,C,memory,0
job-0402,2025-01-01T08:06:24Z,5,52,2692,latency,A,memory,0
job-0403,2025-01-01T08:06:24Z,2,25,643,latency,B,memory,0
job-0404,2025-01-01T08:06:24Z,8,86,1408,carbon,C,gpu,1
job-0405,2025-01-01T08:06:24Z,7,8,1451,throughput,A,cpu,0
job-0406,2025-01-01T08:06:24Z,4,62,21647,latency,B,memory,0
job-0407,2025-01-01T08:06:24Z,2,44,205,latency,C,memory,0
job-0408,2025-01-01T08:06:24Z,4,24,425,latency,A,memory,0
job-0409,2025-01-01T08:06:24Z,17,73,2244,carbon,B,gpu,1
job-0410,2025-01-01T08:06:24Z,13,56,479,carbon,C,gpu,1
job-0411,2025-01-01T08:06:24Z,4,14,1686,throughput,A,cpu,0
job-0412,2025-01-01T08:06:24Z,2,19,114,throughput,B,cpu,0
job-0413,2025-01-01T08:06:24Z,3,19,518,throughput,C,cpu,0
job-0414,2025-01-01T08:06:24Z,3,18,3656,throughput,A,cpu,0
job-0415,2025-01-01T08:06:24Z,3,61,1720,latency,B,memory,0
job-0416,2025-01-01T08:06:24Z,5,34,317,latency,C,memory,0
job-0417,2025-01-01T08:06:24Z,6,18,367,throughput,A,cpu,0
job-0418,2025-01-01T08:06:24Z,6,8,182,throughput,B,cpu,0
job-0419,2025-01-01T08:06:24Z,2,10,556,throughput,C,cpu,0
job-0420,2025-01-01T08:06:24Z,6,10,5296,throughput,A,cpu,0
job-0421,2025-01-01T08:06:24Z,2,19,375,throughput,B,cpu,0
job-0422,2025-01-01T08:06:24Z,4,60,2523,latency,C,memory,0
job-0423,2025-01-01T08:06:24Z,7,9,388,throughput,A,cpu,0
job-0424,2025-01-01T08:06:24Z,4,13,596,throughput,B,cpu,0
job-0425,2025-01-01T08:06:24Z,7,12,640,throughput,C,cpu,0
job-0426,2025-01-01T08:06:24Z,4,10,189,throughput,A,cpu,0
job-0427,2025-01-01T08:06:24Z,5,16,659,throughput,B,cpu,0
job-0428,2025-01-01T08:06:24Z,2,14,346,throughput,C,cpu,0
job-0429,2025-01-01T08:06:24Z,4,40,112,latency,A,memory,0
job-0430,2025-01-01T08:06:24Z,2,15,3072,throughput,B,cpu,0
job-0431,2025-01-01T08:06:24Z,2,57,2193,latency,C,memory,0
job-0432,2025-01-01T08:06:24Z,7,8,931,throughput,A,cpu,0
job-0433,2025-01-01T08:06:24Z,4,19,212,throughput,B,cpu,0
job-0434,2025-01-01T08:06:24Z,4,16,482,throughput,C,cpu,0
job-0435,2025-01-01T08:06:24Z,4,13,880,throughput,A,cpu,0
job-0436,2025-01-01T08:06:24Z,11,75,1173,carbon,B,gpu,1
job-0437,2025-01-01T08:06:24Z,4,19,152,throughput,C,cpu,0
job-0438,2025-01-01T08:06:24Z,5,32,157,latency,A,memory,0
job-0439,2025-01-01T08:06:24Z,17,91,4002,carbon,B,gpu,1
job-0440,2025-01-01T08:06:24Z,4,33,162,latency,C,memory,0
job-0441,2025-01-01T08:06:24Z,7,14,576,throughput,A,cpu,0
job-0442,2025-01-01T08:06:24Z,3,15,1948,throughput,B,cpu,0
job-0443,2025-01-01T08:06:24Z,5,39,800,latency,C,memory,0
job-0444,2025-01-01T08:06:24Z,4,18,898,throughput,A,cpu,0
job-0445,2025-01-01T08:06:24Z,6,18,109,throughput,B,cpu,0
job-0446,2025-01-01T08:06:24Z,2,53,1474,latency,C,memory,0
job-0447,2025-01-01T08:06:24Z,18,93,1187,carbon,A,gpu,1
job-0448,2025-01-01T08:10:16Z,8,84,787,carbon,B,gpu,1
job-0449,2025-01-01T08:10:16Z,14,79,4091,carbon,C,gpu,1
job-0450,2025-01-01T08:10:16Z,4,25,117,latency,A,memory,0
job-0451,2025-01-01T08:10:16Z,2,55,373,latency,B,memory,0
job-0452,2025-01-01T08:10:16Z,2,16,789,throughput,C,cpu,0
job-0453,2025-01-01T08:10:16Z,3,26,1768,latency,A,memory,0
job-0454,2025-01-01T08:10:16Z,5,40,4507,latency,B,memory,0
job-0455,2025-01-01T08:10:16Z,5,11,495,throughput,C,cpu,0
job-0456,2025-01-01T08:10:16Z,3,12,2624,throughput,A,cpu,0
job-0457,2025-01-01T08:10:16Z,16,76,600,carbon,B,gpu,1
job-0458,2025-01-01T08:10:16Z,5,10,1430,throughput,C,cpu,0
job-0459,2025-01-01T08:10:16Z,2,18,2332,throughput,A,cpu,0
job-0460,2025-01-01T08:10:16Z,5,55,51,latency,B,memory,0
job-0461,2025-01-01T08:10:16Z,14,49,1343,carbon,C,gpu,1
job-0462,2025-01-01T08:10:16Z,14,67,1292,carbon,A,gpu,1
job-0463,2025-01-01T08:10:16Z,6,11,1456,throughput,B,cpu,0
job-0464,2025-01-01T08:10:16Z,7,10,621,throughput,C,cpu,0
job-0465,2025-01-01T08:10:16Z,5,16,1207,throughput,A,cpu,0
job-0466,2025-01-01T08:10:16Z,6,10,1463,throughput,B,cpu,0
job-0467,2025-01-01T08:10:16Z,7,12,4880,throughput,C,cpu,0
job-0468,2025-01-01T08:10:16Z,3,18,4705,throughput,A,cpu,0
job-0469,2025-01-01T08:10:16Z,5,13,288,throughput,B,cpu,0
job-0470,2025-01-01T08:10:16Z,4,14,336,throughput,C,cpu,0
job-0471,2025-01-01T08:10:16Z,4,17,144,throughput,A,cpu,0
job-0472,2025-01-01T08:10:16Z,4,42,696,latency,B,memory,0
job-0473,2025-01-01T08:10:16Z,5,25,1107,latency,C,memory,0
job-0474,2025-01-01T08:10:16Z,15,77,1409,carbon,A,gpu,1
job-0475,2025-01-01T08:10:16Z,6,18,270,throughput,B,cpu,0
job-0476,2025-01-01T08:10:16Z,5,8,37,throughput,C,cpu,0
job-0477,2025-01-01T08:10:16Z,7,15,1162,throughput,A,cpu,0
job-0478,2025-01-01T08:10:16Z,2,8,5580,throughput,B,cpu,0
job-0479,2025-01-01T08:10:16Z,2,8,123,throughput,C,cpu,0
job-0480,2025-01-01T08:10:16Z,4,18,628,throughput,A,cpu,0
job-0481,2025-01-01T08:10:16Z,2,13,1361,throughput,B,cpu,0
job-0482,2025-01-01T08:10:16Z,2,19,532,throughput,C,cpu,0
job-0483,2025-01-01T08:10:16Z,2,26,1531,latency,A,memory,0
job-0484,2025-01-01T08:10:16Z,7,13,570,throughput,B,cpu,0
job-0485,2025-01-01T08:10:16Z,2,13,1974,throughput,C,cpu,0
job-0486,2025-01-01T08:10:16Z,5,40,1426,latency,A,memory,0
job-0487,2025-01-01T08:10:16Z,3,10,1785,throughput,B,cpu,0
job-0488,2025-01-01T08:10:16Z,11,90,772,carbon,C,gpu,1
job-0489,2025-01-01T08:10:16Z,3,19,259,throughput,A,cpu,0
job-0490,2025-01-01T08:10:16Z,4,14,571,throughput,B,cpu,0
job-0491,2025-01-01T08:10:16Z,5,17,371,throughput,C,cpu,0
job-0492,2025-01-01T08:10:16Z,17,52,169,carbon,A,gpu,1
job-0493,2025-01-01T08:10:16Z,2,19,403,throughput,B,cpu,0
job-0494,2025-01-01T08:10:16Z,5,54,1299,latency,C,memory,0
job-0495,2025-01-01T08:10:16Z,5,31,591,latency,A,memory,0
job-0496,2025-01-01T08:10:16Z,4,16,698,throughput,B,cpu,0
job-0497,2025-01-01T08:10:16Z,2,14,86,throughput,C,cpu,0
job-0498,2025-01-01T08:10:16Z,6,18,1758,throughput,A,cpu,0
job-0499,2025-01-01T08:10:16Z,2,13,565,throughput,B,cpu,0
job-0500,2025-01-01T08:10:16Z,4,53,319,latency,C,memory,0
job-0501,2025-01-01T08:10:16Z,5,9,376,throughput,A,cpu,0
job-0502,2025-01-01T08:10:16Z,19,57,1185,carbon,B,gpu,1
job-0503,2025-01-01T08:10:16Z,4,12,5560,throughput,C,cpu,0
job-0504,2025-01-01T08:10:16Z,4,31,1355,latency,A,memory,0
job-0505,2025-01-01T08:10:16Z,4,15,79,throughput,B,cpu,0
job-0506,2025-01-01T08:10:16Z,3,59,1572,latency,C,memory,0
job-0507,2025-01-01T08:10:16Z,2,16,65,throughput,A,cpu,0
job-0508,2025-01-01T08:10:16Z,6,11,3563,throughput,B,cpu,0
job-0509,2025-01-01T08:10:16Z,7,14,104,throughput,C,cpu,0
job-0510,2025-01-01T08:10:16Z,5,10,5391,throughput,A,cpu,0
job-0511,2025-01-01T08:10:16Z,5,14,1787,throughput,B,cpu,0
job-0512,2025-01-01T08:10:42Z,6,13,416,throughput,C,cpu,0
job-0513,2025-01-01T08:10:42Z,7,10,388,throughput,A,cpu,0
job-0514,2025-01-01T08:10:42Z,13,48,1520,carbon,B,gpu,1
job-0515,2025-01-01T08:10:42Z,14,87,84,carbon,C,gpu,1
job-0516,2025-01-01T08:10:42Z,5,8,6354,throughput,A,cpu,0
job-0517,2025-01-01T08:10:42Z,4,19,1113,throughput,B,cpu,0
job-0518,2025-01-01T08:10:42Z,4,19,342,throughput,C,cpu,0
job-0519,2025-01-01T08:10:42Z,3,15,1055,throughput,A,cpu,0
job-0520,2025-01-01T08:10:42Z,7,11,668,throughput,B,cpu,0
job-0521,2025-01-01T08:10:42Z,11,57,299,carbon,C,gpu,1
job-0522,2025-01-01T08:10:42Z,3,14,1636,throughput,A,cpu,0
job-0523,2025-01-01T08:10:42Z,2,42,266,latency,B,memory,0
job-0524,2025-01-01T08:10:42Z,5,15,186,throughput,C,cpu,0
job-0525,2025-01-01T08:10:42Z,6,12,265,throughput,A,cpu,0
job-0526,2025-01-01T08:10:42Z,4,46,813,latency,B,memory,0
job-0527,2025-01-01T08:10:42Z,2,28,1208,latency,C,memory,0
job-0528,2025-01-01T08:10:42Z,4,33,949,latency,A,memory,0
job-0529,2025-01-01T08:10:42Z,5,57,792,latency,B,memory,0
job-0530,2025-01-01T08:10:42Z,7,13,5036,throughput,C,cpu,0
job-0531,2025-01-01T08:10:42Z,4,42,473,latency,A,memory,0
job-0532,2025-01-01T08:10:42Z,3,47,1909,latency,B,memory,0
job-0533,2025-01-01T08:10:42Z,2,33,79,latency,C,memory,0
job-0534,2025-01-01T08:10:42Z,3,39,2151,latency,A,memory,0
job-0535,2025-01-01T08:10:42Z,2,29,1488,latency,B,memory,0
job-0536,2025-01-01T08:10:42Z,2,12,1228,throughput,C,cpu,0
job-0537,2025-01-01T08:10:42Z,6,10,1194,throughput,A,cpu,0
job-0538,2025-01-01T08:10:42Z,4,39,1854,latency,B,memory,0
job-0539,2025-01-01T08:10:42Z,3,10,3460,throughput,C,cpu,0
job-0540,2025-01-01T08:10:42Z,5,57,1525,latency,A,memory,0
job-0541,2025-01-01T08:10:42Z,7,11,223,throughput,B,cpu,0
job-0542,2025-01-01T08:10:42Z,7,11,2083,throughput,C,cpu,0
job-0543,2025-01-01T08:10:42Z,5,14,386,throughput,A,cpu,0
job-0544,2025-01-01T08:10:42Z,3,47,301,latency,B,memory,0
job-0545,2025-01-01T08:10:42Z,14,89,1721,carbon,C,gpu,1
job-0546,2025-01-01T08:10:42Z,6,8,107,throughput,A,cpu,0
job-0547,2025-01-01T08:10:42Z,7,14,79,throughput,B,cpu,0
job-0548,2025-01-01T08:10:42Z,2,18,156,throughput,C,cpu,0
job-0549,2025-01-01T08:10:42Z,4,19,1844,throughput,A,cpu,0
job-0550,2025-01-01T08:10:42Z,6,10,894,throughput,B,cpu,0
job-0551,2025-01-01T08:10:42Z,3,10,288,throughput,C,cpu,0
job-0552,2025-01-01T08:10:42Z,2,19,615,throughput,A,cpu,0
job-0553,2025-01-01T08:10:42Z,7,18,775,throughput,B,cpu,0
job-0554,2025-01-01T08:10:42Z,3,28,1315,latency,C,memory,0
job-0555,2025-01-01T08:10:42Z,19,62,4425,carbon,A,gpu,1
job-0556,2025-01-01T08:10:42Z,3,12,733,throughput,B,cpu,0
job-0557,2025-01-01T08:10:42Z,2,15,560,throughput,C,cpu,0
job-0558,2025-01-01T08:10:42Z,5,32,245,latency,A,memory,0
job-0559,2025-01-01T08:10:42Z,5,57,770,latency,B,memory,0
job-0560,2025-01-01T08:10:42Z,12,76,563,carbon,C,gpu,1
job-0561,2025-01-01T08:10:42Z,4,40,115,latency,A,memory,0
job-0562,2025-01-01T08:10:42Z,18,77,1082,carbon,B,gpu,1
job-0563,2025-01-01T08:10:42Z,2,17,439,throughput,C,cpu,0
job-0564,2025-01-01T08:10:42Z,6,14,235,throughput,A,cpu,0
job-0565,2025-01-01T08:10:42Z,5,41,813,latency,B,memory,0
job-0566,2025-01-01T08:10:42Z,4,16,86,throughput,C,cpu,0
job-0567,2025-01-01T08:10:42Z,7,16,50,throughput,A,cpu,0
job-0568,2025-01-01T08:10:42Z,5,34,1255,latency,B,memory,0
job-0569,2025-01-01T08:10:42Z,2,59,454,latency,C,memory,0
job-0570,2025-01-01T08:10:42Z,4,8,116,throughput,A,cpu,0
job-0571,2025-01-01T08:10:42Z,7,17,614,throughput,B,cpu,0
job-0572,2025-01-01T08:10:42Z,18,77,2000,carbon,C,gpu,1
job-0573,2025-01-01T08:10:42Z,5,37,45,latency,A,memory,0
job-0574,2025-01-01T08:10:42Z,6,9,126,throughput,B,cpu,0
job-0575,2025-01-01T08:10:42Z,6,9,2078,throughput,C,cpu,0
job-0576,2025-01-01T08:11:13Z,7,17,1076,throughput,A,cpu,0
job-0577,2025-01-01T08:11:13Z,7,13,2396,throughput,B,cpu,0
job-0578,2025-01-01T08:11:13Z,5,17,1530,throughput,C,cpu,0
job-0579,2025-01-01T08:11:13Z,2,50,182,latency,A,memory,0
job-0580,2025-01-01T08:11:13Z,3,14,1364,throughput,B,cpu,0
job-0581,2025-01-01T08:11:13Z,2,13,1644,throughput,C,cpu,0
job-0582,2025-01-01T08:11:13Z,6,11,115,throughput,A,cpu,0
job-0583,2025-01-01T08:11:13Z,12,95,6942,carbon,B,gpu,1
job-0584,2025-01-01T08:11:13Z,2,10,2745,throughput,C,cpu,0
job-0585,2025-01-01T08:11:13Z,7,10,1113,throughput,A,cpu,0
job-0586,2025-01-01T08:11:13Z,5,10,395,throughput,B,cpu,0
job-0587,2025-01-01T08:11:13Z,10,82,879,carbon,C,gpu,1
job-0588,2025-01-01T08:11:13Z,15,80,2267,carbon,A,gpu,1
job-0589,2025-01-01T08:11:13Z,7,13,1224,throughput,B,cpu,0
job-0590,2025-01-01T08:11:13Z,5,56,553,latency,C,memory,0
job-0591,2025-01-01T08:11:13Z,4,8,743,throughput,A,cpu,0
job-0592,2025-01-01T08:11:13Z,15,54,406,carbon,B,gpu,1
job-0593,2025-01-01T08:11:13Z,2,19,105,throughput,C,cpu,0
job-0594,2025-01-01T08:11:13Z,5,38,683,latency,A,memory,0
job-0595,2025-01-01T08:11:13Z,10,63,387,carbon,B,gpu,1
job-0596,2025-01-01T08:11:13Z,6,8,912,throughput,C,cpu,0
job-0597,2025-01-01T08:11:13Z,2,12,2029,throughput,A,cpu,0
job-0598,2025-01-01T08:11:13Z,3,41,1517,latency,B,memory,0
job-0599,2025-01-01T08:11:13Z,2,10,2081,throughput,C,cpu,0
job-0600,2025-01-01T08:11:13Z,5,38,1367,latency,A,memory,0
job-0601,2025-01-01T08:11:13Z,4,59,1395,latency,B,memory,0
job-0602,2025-01-01T08:11:13Z,14,85,776,carbon,C,gpu,1
job-0603,2025-01-01T08:11:13Z,7,15,93,throughput,A,cpu,0
job-0604,2025-01-01T08:11:13Z,5,19,253,throughput,B,cpu,0
job-0605,2025-01-01T08:11:13Z,5,18,512,throughput,C,cpu,0
job-0606,2025-01-01T08:11:13Z,2,54,2081,latency,A,memory,0
job-0607,2025-01-01T08:11:13Z,4,12,398,throughput,B,cpu,0
job-0608,2025-01-01T08:11:13Z,5,15,258,throughput,C,cpu,0
job-0609,2025-01-01T08:11:13Z,3,8,601,throughput,A,cpu,0
job-0610,2025-01-01T08:11:13Z,3,10,290,throughput,B,cpu,0
job-0611,2025-01-01T08:11:13Z,3,18,90,throughput,C,cpu,0
job-0612,2025-01-01T08:11:13Z,5,44,186,latency,A,memory,0
job-0613,2025-01-01T08:11:13Z,19,92,1019,carbon,B,gpu,1
job-0614,2025-01-01T08:11:13Z,6,10,44,throughput,C,cpu,0
job-0615,2025-01-01T08:11:13Z,5,44,725,latency,A,memory,0
job-0616,2025-01-01T08:11:13Z,4,16,4202,throughput,B,cpu,0
job-0617,2025-01-01T08:11:13Z,2,13,3094,throughput,C,cpu,0
job-0618,2025-01-01T08:11:13Z,16,57,315,carbon,A,gpu,1
job-0619,2025-01-01T08:11:13Z,12,62,196,carbon,B,gpu,1
job-0620,2025-01-01T08:11:13Z,10,88,4219,carbon,C,gpu,1
job-0621,2025-01-01T08:11:13Z,5,43,213,latency,A,memory,0
job-0622,2025-01-01T08:11:13Z,4,51,2913,latency,B,memory,0
job-0623,2025-01-01T08:11:13Z,7,17,141,throughput,C,cpu,0
job-0624,2025-01-01T08:11:13Z,3,9,5778,throughput,A,cpu,0
job-0625,2025-01-01T08:11:13Z,7,16,176,throughput,B,cpu,0
job-0626,2025-01-01T08:11:13Z,7,8,837,throughput,C,cpu,0
job-0627,2025-01-01T08:11:13Z,6,9,175,throughput,A,cpu,0
job-0628,2025-01-01T08:11:13Z,7,12,252,throughput,B,cpu,0
job-0629,2025-01-01T08:11:13Z,5,34,1643,latency,C,memory,0
job-0630,2025-01-01T08:11:13Z,6,8,595,throughput,A,cpu,0
job-0631,2025-01-01T08:11:13Z,5,11,869,throughput,B,cpu,0
job-0632,2025-01-01T08:11:13Z,2,40,69,latency,C,memory,0
job-0633,2025-01-01T08:11:13Z,4,11,2981,throughput,A,cpu,0
job-0634,2025-01-01T08:11:13Z,6,10,854,throughput,B,cpu,0
job-0635,2025-01-01T08:11:13Z,3,63,550,latency,C,memory,0
job-0636,2025-01-01T08:11:13Z,4,14,859,throughput,A,cpu,0
job-0637,2025-01-01T08:11:13Z,8,62,1664,carbon,B,gpu,1
job-0638,2025-01-01T08:11:13Z,2,27,477,latency,C,memory,0
job-0639,2025-01-01T08:11:13Z,3,16,217,throughput,A,cpu,0
job-0640,2025-01-01T08:12:09Z,2,59,793,latency,B,memory,0
job-0641,2025-01-01T08:12:09Z,5,19,396,throughput,C,cpu,0
job-0642,2025-01-01T08:12:09Z,5,44,11965,latency,A,memory,0
job-0643,2025-01-01T08:12:09Z,2,8,371,throughput,B,cpu,0
job-0644,2025-01-01T08:12:09Z,6,9,770,throughput,C,cpu,0
job-0645,2025-01-01T08:12:09Z,16,82,569,carbon,A,gpu,1
job-0646,2025-01-01T08:12:09Z,4,10,298,throughput,B,cpu,0
job-0647,2025-01-01T08:12:09Z,4,62,1706,latency,C,memory,0
job-0648,2025-01-01T08:12:09Z,3,14,1787,throughput,A,cpu,0
job-0649,2025-01-01T08:12:09Z,4,11,1279,throughput,B,cpu,0
job-0650,2025-01-01T08:12:09Z,2,16,1711,throughput,C,cpu,0
job-0651,2025-01-01T08:12:09Z,2,16,780,throughput,A,cpu,0
job-0652,2025-01-01T08:12:09Z,9,52,1161,carbon,B,gpu,1
job-0653,2025-01-01T08:12:09Z,7,11,1118,throughput,C,cpu,0
job-0654,2025-01-01T08:12:09Z,2,30,152,latency,A,memory,0
job-0655,2025-01-01T08:12:09Z,2,27,218,latency,B,memory,0
job-0656,2025-01-01T08:12:09Z,5,17,399,throughput,C,cpu,0
job-0657,2025-01-01T08:12:09Z,9,62,48,carbon,A,gpu,1
job-0658,2025-01-01T08:12:09Z,7,8,2259,throughput,B,cpu,0
job-0659,2025-01-01T08:12:09Z,5,29,210,latency,C,memory,0
job-0660,2025-01-01T08:12:09Z,6,10,1002,throughput,A,cpu,0
job-0661,2025-01-01T08:12:09Z,10,76,153,carbon,B,gpu,1
job-0662,2025-01-01T08:12:09Z,7,10,279,throughput,C,cpu,0
job-0663,2025-01-01T08:12:09Z,10,92,709,carbon,A,gpu,1
job-0664,2025-01-01T08:12:09Z,4,12,5302,throughput,B,cpu,0
job-0665,2025-01-01T08:12:09Z,7,11,181,throughput,C,cpu,0
job-0666,2025-01-01T08:12:09Z,4,60,1962,latency,A,memory,0
job-0667,2025-01-01T08:12:09Z,5,15,3070,throughput,B,cpu,0
job-0668,2025-01-01T08:12:09Z,5,42,114,latency,C,memory,0
job-0669,2025-01-01T08:12:09Z,14,57,863,carbon,A,gpu,1
job-0670,2025-01-01T08:12:09Z,12,59,319,carbon,B,gpu,1
job-0671,2025-01-01T08:12:09Z,3,11,643,throughput,C,cpu,0
job-0672,2025-01-01T08:12:09Z,4,31,387,latency,A,memory,0
job-0673,2025-01-01T08:12:09Z,9,72,191,carbon,B,gpu,1
job-0674,2025-01-01T08:12:09Z,16,91,691,carbon,C,gpu,1
job-0675,2025-01-01T08:12:09Z,2,14,590,throughput,A,cpu,0
job-0676,2025-01-01T08:12:09Z,6,14,6510,throughput,B,cpu,0
job-0677,2025-01-01T08:12:09Z,18,93,1929,carbon,C,gpu,1
job-0678,2025-01-01T08:12:09Z,7,17,1993,throughput,A,cpu,0
job-0679,2025-01-01T08:12:09Z,4,15,56,throughput,B,cpu,0
job-0680,2025-01-01T08:12:09Z,4,53,4089,latency,C,memory,0
job-0681,2025-01-01T08:12:09Z,17,90,719,carbon,A,gpu,1
job-0682,2025-01-01T08:12:09Z,3,27,2780,latency,B,memory,0
job-0683,2025-01-01T08:12:09Z,6,12,3187,throughput,C,cpu,0
job-0684,2025-01-01T08:12:09Z,6,13,4104,throughput,A,cpu,0
job-0685,2025-01-01T08:12:09Z,15,93,1443,carbon,B,gpu,1
job-0686,2025-01-01T08:12:09Z,4,16,778,throughput,C,cpu,0
job-0687,2025-01-01T08:12:09Z,6,14,2029,throughput,A,cpu,0
job-0688,2025-01-01T08:12:09Z,4,15,367,throughput,B,cpu,0
job-0689,2025-01-01T08:12:09Z,6,15,823,throughput,C,cpu,0
job-0690,2025-01-01T08:12:09Z,3,14,4854,throughput,A,cpu,0
job-0691,2025-01-01T08:12:09Z,5,12,153,throughput,B,cpu,0
job-0692,2025-01-01T08:12:09Z,6,10,350,throughput,C,cpu,0
job-0693,2025-01-01T08:12:09Z,5,17,5891,throughput,A,cpu,0
job-0694,2025-01-01T08:12:09Z,5,11,89,throughput,B,cpu,0
job-0695,2025-01-01T08:12:09Z,4,18,787,throughput,C,cpu,0
job-0696,2025-01-01T08:12:09Z,6,9,174,throughput,A,cpu,0
job-0697,2025-01-01T08:12:09Z,3,13,1402,throughput,B,cpu,0
job-0698,2025-01-01T08:12:09Z,5,28,3296,latency,C,memory,0
job-0699,2025-01-01T08:12:09Z,5,10,3481,throughput,A,cpu,0
job-0700,2025-01-01T08:12:09Z,5,12,467,throughput,B,cpu,0
job-0701,2025-01-01T08:12:09Z,11,94,619,carbon,C,gpu,1
job-0702,2025-01-01T08:12:09Z,4,19,5226,throughput,A,cpu,0
job-0703,2025-01-01T08:12:09Z,4,17,1276,throughput,B,cpu,0
job-0704,2025-01-01T08:12:21Z,4,11,467,throughput,C,cpu,0
job-0705,2025-01-01T08:12:21Z,3,13,460,throughput,A,cpu,0
job-0706,2025-01-01T08:12:21Z,3,16,265,throughput,B,cpu,0
job-0707,2025-01-01T08:12:21Z,2,58,1011,latency,C,memory,0
job-0708,2025-01-01T08:12:21Z,5,47,225,latency,A,memory,0
job-0709,2025-01-01T08:12:21Z,16,69,83,carbon,B,gpu,1
job-0710,2025-01-01T08:12:21Z,5,17,2093,throughput,C,cpu,0
job-0711,2025-01-01T08:12:21Z,7,11,1321,throughput,A,cpu,0
job-0712,2025-01-01T08:12:21Z,8,94,1852,carbon,B,gpu,1
job-0713,2025-01-01T08:12:21Z,13,72,219,carbon,C,gpu,1
job-0714,2025-01-01T08:12:21Z,2,9,1787,throughput,A,cpu,0
job-0715,2025-01-01T08:12:21Z,15,62,1359,carbon,B,gpu,1
job-0716,2025-01-01T08:12:21Z,2,26,1404,latency,C,memory,0
job-0717,2025-01-01T08:12:21Z,3,29,1861,latency,A,memory,0
job-0718,2025-01-01T08:12:21Z,4,63,117,latency,B,memory,0
job-0719,2025-01-01T08:12:21Z,3,57,1336,latency,C,memory,0
job-0720,2025-01-01T08:12:21Z,6,11,1653,throughput,A,cpu,0
job-0721,2025-01-01T08:12:21Z,3,8,3154,throughput,B,cpu,0
job-0722,2025-01-01T08:12:21Z,2,34,536,latency,C,memory,0
job-0723,2025-01-01T08:12:21Z,2,46,1926,latency,A,memory,0
job-0724,2025-01-01T08:12:21Z,9,72,916,carbon,B,gpu,1
job-0725,2025-01-01T08:12:21Z,3,35,1604,latency,C,memory,0
job-0726,2025-01-01T08:12:21Z,5,16,1502,throughput,A,cpu,0
job-0727,2025-01-01T08:12:21Z,4,41,462,latency,B,memory,0
job-0728,2025-01-01T08:12:21Z,7,18,3370,throughput,C,cpu,0
job-0729,2025-01-01T08:12:21Z,2,13,640,throughput,A,cpu,0
job-0730,2025-01-01T08:12:21Z,17,85,1429,carbon,B,gpu,1
job-0731,2025-01-01T08:12:21Z,6,8,468,throughput,C,cpu,0
job-0732,2025-01-01T08:12:21Z,4,9,241,throughput,A,cpu,0
job-0733,2025-01-01T08:12:21Z,5,27,167,latency,B,memory,0
job-0734,2025-01-01T08:12:21Z,3,63,4429,latency,C,memory,0
job-0735,2025-01-01T08:12:21Z,2,44,675,latency,A,memory,0
job-0736,2025-01-01T08:12:21Z,5,18,52,throughput,B,cpu,0
job-0737,2025-01-01T08:12:21Z,3,9,1710,throughput,C,cpu,0
job-0738,2025-01-01T08:12:21Z,6,13,431,throughput,A,cpu,0
job-0739,2025-01-01T08:12:21Z,3,13,1604,throughput,B,cpu,0
job-0740,2025-01-01T08:12:21Z,2,12,956,throughput,C,cpu,0
job-0741,2025-01-01T08:12:21Z,2,11,2783,throughput,A,cpu,0
job-0742,2025-01-01T08:12:21Z,19,93,626,carbon,B,gpu,1
job-0743,2025-01-01T08:12:21Z,3,11,1568,throughput,C,cpu,0
job-0744,2025-01-01T08:12:21Z,5,19,1032,throughput,A,cpu,0
job-0745,2025-01-01T08:12:21Z,2,47,771,latency,B,memory,0
job-0746,2025-01-01T08:12:21Z,6,13,457,throughput,C,cpu,0
job-0747,2025-01-01T08:12:21Z,7,10,361,throughput,A,cpu,0
job-0748,2025-01-01T08:12:21Z,5,17,286,throughput,B,cpu,0
job-0749,2025-01-01T08:12:21Z,10,90,474,carbon,C,gpu,1
job-0750,2025-01-01T08:12:21Z,3,16,949,throughput,A,cpu,0
job-0751,2025-01-01T08:12:21Z,4,19,1646,throughput,B,cpu,0
job-0752,2025-01-01T08:12:21Z,5,10,226,throughput,C,cpu,0
job-0753,2025-01-01T08:12:21Z,2,40,1765,latency,A,memory,0
job-0754,2025-01-01T08:12:21Z,4,13,1146,throughput,B,cpu,0
job-0755,2025-01-01T08:12:21Z,3,15,98,throughput,C,cpu,0
job-0756,2025-01-01T08:12:21Z,10,74,231,carbon,A,gpu,1
job-0757,2025-01-01T08:12:21Z,3,10,847,throughput,B,cpu,0
job-0758,2025-01-01T08:12:21Z,3,8,120,throughput,C,cpu,0
job-0759,2025-01-01T08:12:21Z,6,18,1138,throughput,A,cpu,0
job-0760,2025-01-01T08:12:21Z,2,17,242,throughput,B,cpu,0
job-0761,2025-01-01T08:12:21Z,19,88,211,carbon,C,gpu,1
job-0762,2025-01-01T08:12:21Z,4,17,400,throughput,A,cpu,0
job-0763,2025-01-01T08:12:21Z,2,13,65,throughput,B,cpu,0
job-0764,2025-01-01T08:12:21Z,3,18,373,throughput,C,cpu,0
job-0765,2025-01-01T08:12:21Z,3,24,781,latency,A,memory,0
job-0766,2025-01-01T08:12:21Z,7,16,1931,throughput,B,cpu,0
job-0767,2025-01-01T08:12:21Z,4,17,75,throughput,C,cpu,0
job-0768,2025-01-01T08:13:05Z,3,16,699,throughput,A,cpu,0
job-0769,2025-01-01T08:13:05Z,7,9,2915,throughput,B,cpu,0
job-0770,2025-01-01T08:13:05Z,2,8,2475,throughput,C,cpu,0
job-0771,2025-01-01T08:13:05Z,7,10,293,throughput,A,cpu,0
job-0772,2025-01-01T08:13:05Z,5,12,4190,throughput,B,cpu,0
job-0773,2025-01-01T08:13:05Z,5,48,115,latency,C,memory,0
job-0774,2025-01-01T08:13:05Z,8,54,557,carbon,A,gpu,1
job-0775,2025-01-01T08:13:05Z,2,12,664,throughput,B,cpu,0
job-0776,2025-01-01T08:13:05Z,5,11,892,throughput,C,cpu,0
job-0777,2025-01-01T08:13:05Z,5,13,2640,throughput,A,cpu,0
job-0778,2025-01-01T08:13:05Z,6,13,312,throughput,B,cpu,0
job-0779,2025-01-01T08:13:05Z,4,44,70,latency,C,memory,0
job-0780,2025-01-01T08:13:05Z,3,8,650,throughput,A,cpu,0
job-0781,2025-01-01T08:13:05Z,5,25,1722,latency,B,memory,0
job-0782,2025-01-01T08:13:05Z,18,87,347,carbon,C,gpu,1
job-0783,2025-01-01T08:13:05Z,10,53,530,carbon,A,gpu,1
job-0784,2025-01-01T08:13:05Z,3,18,3371,throughput,B,cpu,0
job-0785,2025-01-01T08:13:05Z,4,12,458,throughput,C,cpu,0
job-0786,2025-01-01T08:13:05Z,16,64,596,carbon,A,gpu,1
job-0787,2025-01-01T08:13:05Z,3,15,1649,throughput,B,cpu,0
job-0788,2025-01-01T08:13:05Z,8,57,2136,carbon,C,gpu,1
job-0789,2025-01-01T08:13:05Z,5,10,646,throughput,A,cpu,0
job-0790,2025-01-01T08:13:05Z,3,15,147,throughput,B,cpu,0
job-0791,2025-01-01T08:13:05Z,3,13,605,throughput,C,cpu,0
job-0792,2025-01-01T08:13:05Z,4,11,192,throughput,A,cpu,0
job-0793,2025-01-01T08:13:05Z,7,17,248,throughput,B,cpu,0
job-0794,2025-01-01T08:13:05Z,3,28,190,latency,C,memory,0
job-0795,2025-01-01T08:13:05Z,4,46,484,latency,A,memory,0
job-0796,2025-01-01T08:13:05Z,2,19,38,throughput,B,cpu,0
job-0797,2025-01-01T08:13:05Z,3,19,9091,throughput,C,cpu,0
job-0798,2025-01-01T08:13:05Z,4,9,367,throughput,A,cpu,0
job-0799,2025-01-01T08:13:05Z,5,12,2481,throughput,B,cpu,0
job-0800,2025-01-01T08:13:05Z,13,76,641,carbon,C,gpu,1
job-0801,2025-01-01T08:13:05Z,4,60,360,latency,A,memory,0
job-0802,2025-01-01T08:13:05Z,4,17,870,throughput,B,cpu,0
job-0803,2025-01-01T08:13:05Z,2,13,1193,throughput,C,cpu,0
job-0804,2025-01-01T08:13:05Z,6,10,271,throughput,A,cpu,0
job-0805,2025-01-01T08:13:05Z,2,27,1001,latency,B,memory,0
job-0806,2025-01-01T08:13:05Z,4,59,547,latency,C,memory,0
job-0807,2025-01-01T08:13:05Z,4,11,1244,throughput,A,cpu,0
job-0808,2025-01-01T08:13:05Z,3,16,657,throughput,B,cpu,0
job-0809,2025-01-01T08:13:05Z,7,15,1107,throughput,C,cpu,0
job-0810,2025-01-01T08:13:05Z,3,9,244,throughput,A,cpu,0
job-0811,2025-01-01T08:13:05Z,5,15,249,throughput,B,cpu,0
job-0812,2025-01-01T08:13:05Z,5,12,34,throughput,C,cpu,0
job-0813,2025-01-01T08:13:05Z,4,19,492,throughput,A,cpu,0
job-0814,2025-01-01T08:13:05Z,7,18,2342,throughput,B,cpu,0
job-0815,2025-01-01T08:13:05Z,3,10,161,throughput,C,cpu,0
job-0816,2025-01-01T08:13:05Z,3,34,1228,latency,A,memory,0
job-0817,2025-01-01T08:13:05Z,10,48,297,carbon,B,gpu,1
job-0818,2025-01-01T08:13:05Z,5,10,2883,throughput,C,cpu,0
job-0819,2025-01-01T08:13:05Z,2,11,907,throughput,A,cpu,0
job-0820,2025-01-01T08:13:05Z,2,10,673,throughput,B,cpu,0
job-0821,2025-01-01T08:13:05Z,6,9,3789,throughput,C,cpu,0
job-0822,2025-01-01T08:13:05Z,4,44,284,latency,A,memory,0
job-0823,2025-01-01T08:13:05Z,5,30,507,latency,B,memory,0
job-0824,2025-01-01T08:13:05Z,5,10,717,throughput,C,cpu,0
job-0825,2025-01-01T08:13:05Z,7,15,225,throughput,A,cpu,0
job-0826,2025-01-01T08:13:05Z,2,36,1137,latency,B,memory,0
job-0827,2025-01-01T08:13:05Z,16,70,201,carbon,C,gpu,1
job-0828,2025-01-01T08:13:05Z,4,17,67,throughput,A,cpu,0
job-0829,2025-01-01T08:13:05Z,7,16,1797,throughput,B,cpu,0
job-0830,2025-01-01T08:13:05Z,2,8,1288,throughput,C,cpu,0
job-0831,2025-01-01T08:13:05Z,7,17,1595,throughput,A,cpu,0
job-0832,2025-01-01T08:13:11Z,6,8,119,throughput,B,cpu,0
job-0833,2025-01-01T08:13:11Z,4,58,1226,latency,C,memory,0
job-0834,2025-01-01T08:13:11Z,8,78,2851,carbon,A,gpu,1
job-0835,2025-01-01T08:13:11Z,6,11,406,throughput,B,cpu,0
job-0836,2025-01-01T08:13:11Z,5,10,2205,throughput,C,cpu,0
job-0837,2025-01-01T08:13:11Z,9,54,358,carbon,A,gpu,1
job-0838,2025-01-01T08:13:11Z,15,92,117,carbon,B,gpu,1
job-0839,2025-01-01T08:13:11Z,3,54,217,latency,C,memory,0
job-0840,2025-01-01T08:13:11Z,3,30,457,latency,A,memory,0
job-0841,2025-01-01T08:13:11Z,3,15,11569,throughput,B,cpu,0
job-0842,2025-01-01T08:13:11Z,14,68,213,carbon,C,gpu,1
job-0843,2025-01-01T08:13:11Z,5,51,885,latency,A,memory,0
job-0844,2025-01-01T08:13:11Z,2,56,342,latency,B,memory,0
job-0845,2025-01-01T08:13:11Z,5,10,2851,throughput,C,cpu,0
job-0846,2025-01-01T08:13:11Z,3,53,775,latency,A,memory,0
job-0847,2025-01-01T08:13:11Z,5,48,1716,latency,B,memory,0
job-0848,2025-01-01T08:13:11Z,5,27,2787,latency,C,memory,0
job-0849,2025-01-01T08:13:11Z,3,15,383,throughput,A,cpu,0
job-0850,2025-01-01T08:13:11Z,8,78,555,carbon,B,gpu,1
job-0851,2025-01-01T08:13:11Z,4,35,2507,latency,C,memory,0
job-0852,2025-01-01T08:13:11Z,2,58,952,latency,A,memory,0
job-0853,2025-01-01T08:13:11Z,3,48,2821,latency,B,memory,0
job-0854,2025-01-01T08:13:11Z,5,8,5534,throughput,C,cpu,0
job-0855,2025-01-01T08:13:11Z,7,12,352,throughput,A,cpu,0
job-0856,2025-01-01T08:13:11Z,7,19,197,throughput,B,cpu,0
job-0857,2025-01-01T08:13:11Z,7,9,1903,throughput,C,cpu,0
job-0858,2025-01-01T08:13:11Z,13,92,221,carbon,A,gpu,1
job-0859,2025-01-01T08:13:11Z,3,10,47,throughput,B,cpu,0
job-0860,2025-01-01T08:13:11Z,5,58,852,latency,C,memory,0
job-0861,2025-01-01T08:13:11Z,5,33,582,latency,A,memory,0
job-0862,2025-01-01T08:13:11Z,6,17,1046,throughput,B,cpu,0
job-0863,2025-01-01T08:13:11Z,6,9,386,throughput,C,cpu,0
job-0864,2025-01-01T08:13:11Z,14,61,124,carbon,A,gpu,1
job-0865,2025-01-01T08:13:11Z,5,15,2432,throughput,B,cpu,0
job-0866,2025-01-01T08:13:11Z,7,16,1424,throughput,C,cpu,0
job-0867,2025-01-01T08:13:11Z,6,15,624,throughput,A,cpu,0
job-0868,2025-01-01T08:13:11Z,13,76,124,carbon,B,gpu,1
job-0869,2025-01-01T08:13:11Z,10,66,1000,carbon,C,gpu,1
job-0870,2025-01-01T08:13:11Z,17,89,3098,carbon,A,gpu,1
job-0871,2025-01-01T08:13:11Z,5,61,1312,latency,B,memory,0
job-0872,2025-01-01T08:13:11Z,5,13,3017,throughput,C,cpu,0
job-0873,2025-01-01T08:13:11Z,2,13,5788,throughput,A,cpu,0
job-0874,2025-01-01T08:13:11Z,6,16,7095,throughput,B,cpu,0
job-0875,2025-01-01T08:13:11Z,5,11,1223,throughput,C,cpu,0
job-0876,2025-01-01T08:13:11Z,5,29,1306,latency,A,memory,0
job-0877,2025-01-01T08:13:11Z,12,78,2941,carbon,B,gpu,1
job-0878,2025-01-01T08:13:11Z,2,9,3664,throughput,C,cpu,0
job-0879,2025-01-01T08:13:11Z,5,14,918,throughput,A,cpu,0
job-0880,2025-01-01T08:13:11Z,5,15,3891,throughput,B,cpu,0
job-0881,2025-01-01T08:13:11Z,5,16,3175,throughput,C,cpu,0
job-0882,2025-01-01T08:13:11Z,3,8,1193,throughput,A,cpu,0
job-0883,2025-01-01T08:13:11Z,15,50,151,carbon,B,gpu,1
job-0884,2025-01-01T08:13:11Z,3,48,240,latency,C,memory,0
job-0885,2025-01-01T08:13:11Z,9,55,1626,carbon,A,gpu,1
job-0886,2025-01-01T08:13:11Z,2,47,1079,latency,B,memory,0
job-0887,2025-01-01T08:13:11Z,6,15,733,throughput,C,cpu,0
job-0888,2025-01-01T08:13:11Z,3,34,344,latency,A,memory,0
job-0889,2025-01-01T08:13:11Z,3,52,2003,latency,B,memory,0
job-0890,2025-01-01T08:13:11Z,16,66,630,carbon,C,gpu,1
job-0891,2025-01-01T08:13:11Z,7,11,367,throughput,A,cpu,0
job-0892,2025-01-01T08:13:11Z,2,10,205,throughput,B,cpu,0
job-0893,2025-01-01T08:13:11Z,4,15,283,throughput,C,cpu,0
job-0894,2025-01-01T08:13:11Z,5,10,109,throughput,A,cpu,0
job-0895,2025-01-01T08:13:11Z,10,95,609,carbon,B,gpu,1
job-0896,2025-01-01T08:13:31Z,4,42,115,latency,C,memory,0
job-0897,2025-01-01T08:13:31Z,5,16,847,throughput,A,cpu,0
job-0898,2025-01-01T08:13:31Z,18,78,5428,carbon,B,gpu,1
job-0899,2025-01-01T08:13:31Z,4,12,533,throughput,C,cpu,0
job-0900,2025-01-01T08:13:31Z,6,16,100,throughput,A,cpu,0
job-0901,2025-01-01T08:13:31Z,2,15,8338,throughput,B,cpu,0
job-0902,2025-01-01T08:13:31Z,7,9,96,throughput,C,cpu,0
job-0903,2025-01-01T08:13:31Z,2,30,2024,latency,A,memory,0
job-0904,2025-01-01T08:13:31Z,17,88,1687,carbon,B,gpu,1
job-0905,2025-01-01T08:13:31Z,4,16,381,throughput,C,cpu,0
job-0906,2025-01-01T08:13:31Z,4,15,711,throughput,A,cpu,0
job-0907,2025-01-01T08:13:31Z,6,9,222,throughput,B,cpu,0
job-0908,2025-01-01T08:13:31Z,2,13,2212,throughput,C,cpu,0
job-0909,2025-01-01T08:13:31Z,4,48,513,latency,A,memory,0
job-0910,2025-01-01T08:13:31Z,5,17,672,throughput,B,cpu,0
job-0911,2025-01-01T08:13:31Z,3,53,367,latency,C,memory,0
job-0912,2025-01-01T08:13:31Z,7,16,616,throughput,A,cpu,0
job-0913,2025-01-01T08:13:31Z,2,9,251,throughput,B,cpu,0
job-0914,2025-01-01T08:13:31Z,2,13,428,throughput,C,cpu,0
job-0915,2025-01-01T08:13:31Z,7,15,305,throughput,A,cpu,0
job-0916,2025-01-01T08:13:31Z,4,14,2343,throughput,B,cpu,0
job-0917,2025-01-01T08:13:31Z,4,18,439,throughput,C,cpu,0
job-0918,2025-01-01T08:13:31Z,4,61,2598,latency,A,memory,0
job-0919,2025-01-01T08:13:31Z,2,16,1585,throughput,B,cpu,0
job-0920,2025-01-01T08:13:31Z,6,11,17,throughput,C,cpu,0
job-0921,2025-01-01T08:13:31Z,18,88,2276,carbon,A,gpu,1
job-0922,2025-01-01T08:13:31Z,4,11,568,throughput,B,cpu,0
job-0923,2025-01-01T08:13:31Z,6,8,1553,throughput,C,cpu,0
job-0924,2025-01-01T08:13:31Z,3,24,704,latency,A,memory,0
job-0925,2025-01-01T08:13:31Z,5,51,815,latency,B,memory,0
job-0926,2025-01-01T08:13:31Z,4,33,1200,latency,C,memory,0
job-0927,2025-01-01T08:13:31Z,4,10,1013,throughput,A,cpu,0
job-0928,2025-01-01T08:13:31Z,3,14,2124,throughput,B,cpu,0
job-0929,2025-01-01T08:13:31Z,6,10,990,throughput,C,cpu,0
job-0930,2025-01-01T08:13:31Z,2,19,157,throughput,A,cpu,0
job-0931,2025-01-01T08:13:31Z,5,18,2539,throughput,B,cpu,0
job-0932,2025-01-01T08:13:31Z,5,13,787,throughput,C,cpu,0
job-0933,2025-01-01T08:13:31Z,19,51,139,carbon,A,gpu,1
job-0934,2025-01-01T08:13:31Z,7,14,473,throughput,B,cpu,0
job-0935,2025-01-01T08:13:31Z,4,10,2448,throughput,C,cpu,0
job-0936,2025-01-01T08:13:31Z,9,70,470,carbon,A,gpu,1
job-0937,2025-01-01T08:13:31Z,7,13,730,throughput,B,cpu,0
job-0938,2025-01-01T08:13:31Z,3,17,265,throughput,C,cpu,0
job-0939,2025-01-01T08:13:31Z,5,19,369,throughput,A,cpu,0
job-0940,2025-01-01T08:13:31Z,7,19,1320,throughput,B,cpu,0
job-0941,2025-01-01T08:13:31Z,7,14,1398,throughput,C,cpu,0
job-0942,2025-01-01T08:13:31Z,3,25,6248,latency,A,memory,0
job-0943,2025-01-01T08:13:31Z,3,18,172,throughput,B,cpu,0
job-0944,2025-01-01T08:13:31Z,4,15,393,throughput,C,cpu,0
job-0945,2025-01-01T08:13:31Z,3,17,820,throughput,A,cpu,0
job-0946,2025-01-01T08:13:31Z,2,11,450,throughput,B,cpu,0
job-0947,2025-01-01T08:13:31Z,2,17,473,throughput,C,cpu,0
job-0948,2025-01-01T08:13:31Z,4,8,826,throughput,A,cpu,0
job-0949,2025-01-01T08:13:31Z,7,17,1578,throughput,B,cpu,0
job-0950,2025-01-01T08:13:31Z,6,8,178,throughput,C,cpu,0
job-0951,2025-01-01T08:13:31Z,5,12,358,throughput,A,cpu,0
job-0952,2025-01-01T08:13:31Z,6,18,1902,throughput,B,cpu,0
job-0953,2025-01-01T08:13:31Z,6,10,604,throughput,C,cpu,0
job-0954,2025-01-01T08:13:31Z,4,19,548,throughput,A,cpu,0
job-0955,2025-01-01T08:13:31Z,3,13,37,throughput,B,cpu,0
job-0956,2025-01-01T08:13:31Z,3,14,226,throughput,C,cpu,0
job-0957,2025-01-01T08:13:31Z,6,17,2316,throughput,A,cpu,0
job-0958,2025-01-01T08:13:31Z,12,77,192,carbon,B,gpu,1
job-0959,2025-01-01T08:13:31Z,17,60,82,carbon,C,gpu,1
job-0960,2025-01-01T08:13:58Z,9,82,2225,carbon,A,gpu,1
job-0961,2025-01-01T08:13:58Z,11,60,61,carbon,B,gpu,1
job-0962,2025-01-01T08:13:58Z,7,18,1847,throughput,C,cpu,0
job-0963,2025-01-01T08:13:58Z,2,40,110,latency,A,memory,0
job-0964,2025-01-01T08:13:58Z,7,15,429,throughput,B,cpu,0
job-0965,2025-01-01T08:13:58Z,4,59,188,latency,C,memory,0
job-0966,2025-01-01T08:13:58Z,4,16,1965,throughput,A,cpu,0
job-0967,2025-01-01T08:13:58Z,4,63,980,latency,B,memory,0
job-0968,2025-01-01T08:13:58Z,16,66,181,carbon,C,gpu,1
job-0969,2025-01-01T08:13:58Z,2,17,365,throughput,A,cpu,0
job-0970,2025-01-01T08:13:58Z,11,62,1697,carbon,B,gpu,1
job-0971,2025-01-01T08:13:58Z,2,13,3112,throughput,C,cpu,0
job-0972,2025-01-01T08:13:58Z,5,61,1393,latency,A,memory,0
job-0973,2025-01-01T08:13:58Z,2,16,263,throughput,B,cpu,0
job-0974,2025-01-01T08:13:58Z,4,40,196,latency,C,memory,0
job-0975,2025-01-01T08:13:58Z,6,13,423,throughput,A,cpu,0
job-0976,2025-01-01T08:13:58Z,3,16,137,throughput,B,cpu,0
job-0977,2025-01-01T08:13:58Z,2,8,259,throughput,C,cpu,0
job-0978,2025-01-01T08:13:58Z,2,17,87,throughput,A,cpu,0
job-0979,2025-01-01T08:13:58Z,7,12,206,throughput,B,cpu,0
job-0980,2025-01-01T08:13:58Z,6,8,3162,throughput,C,cpu,0
job-0981,2025-01-01T08:13:58Z,5,12,1252,throughput,A,cpu,0
job-0982,2025-01-01T08:13:58Z,5,15,837,throughput,B,cpu,0
job-0983,2025-01-01T08:13:58Z,2,48,1343,latency,C,memory,0
job-0984,2025-01-01T08:13:58Z,2,58,3116,latency,A,memory,0
job-0985,2025-01-01T08:13:58Z,12,62,2381,carbon,B,gpu,1
job-0986,2025-01-01T08:13:58Z,5,61,392,latency,C,memory,0
job-0987,2025-01-01T08:13:58Z,5,40,3249,latency,A,memory,0
job-0988,2025-01-01T08:13:58Z,4,40,4400,latency,B,memory,0
job-0989,2025-01-01T08:13:58Z,3,27,678,latency,C,memory,0
job-0990,2025-01-01T08:13:58Z,4,28,1854,latency,A,memory,0
job-0991,2025-01-01T08:13:58Z,4,15,673,throughput,B,cpu,0
job-0992,2025-01-01T08:13:58Z,5,31,27,latency,C,memory,0
job-0993,2025-01-01T08:13:58Z,4,63,507,latency,A,memory,0
job-0994,2025-01-01T08:13:58Z,7,9,570,throughput,B,cpu,0
job-0995,2025-01-01T08:13:58Z,6,9,1228,throughput,C,cpu,0
job-0996,2025-01-01T08:13:58Z,3,57,734,latency,A,memory,0
job-0997,2025-01-01T08:13:58Z,5,18,1509,throughput,B,cpu,0
job-0998,2025-01-01T08:13:58Z,7,17,134,throughput,C,cpu,0
job-0999,2025-01-01T08:13:58Z,2,56,885,latency,A,memory,0
